Issue,Class
2869,True
2867,True
2866,True
2865,True
2854,True
2852,True
2843,True
2836,True
2832,True
2813,True
2802,True
5466,True
1227,True
5059,True
5014,True
5013,True
5011,True
810,True
3404,True
3284,True
3268,True
3216,True
894,True
888,True
885,True
4931,True
1356,True
1330,True
1315,True
1287,True
1283,True
5325,True
4353,True
3996,True
3984,True
3982,True
3966,True
3946,True
3943,True
1821,True
1950,True
2380,True
2377,True
3909,True
3903,True
3874,True
3824,True
2050,True
2049,True
4243,True
4223,True
1625,True
1606,True
1589,True
1575,True
2454,True
2448,True
2540,True
2537,True
2523,True
2485,True
5724,True
1759,True
1737,True
4107,True
4106,True
4065,True
2120,True
2080,True
3625,True
1466,True
1465,True
1464,True
1463,True
1427,True
1421,True
1412,True
1398,True
1388,True
2682,True
2673,True
2670,True
2667,True
2666,True
2663,True
2616,True
4881,True
5221,True
1114,True
1112,True
1107,True
4745,True
4720,True
4688,True
3494,True
2792,True
2748,True
2746,True
2730,True
2713,True
2703,True
1574,True
1563,True
1499,True
1475,True
3027,True
2900,False
2897,False
2890,False
2889,False
2888,False
2886,False
2884,False
2880,False
2879,False
2878,False
2875,False
2873,False
2872,False
2870,False
2868,False
2864,False
2862,False
2861,False
2860,False
2859,False
2858,False
2857,False
2849,False
2842,False
2839,False
2833,False
2829,False
2823,False
2822,False
2821,False
2819,False
2818,False
2817,False
2815,False
2812,False
2810,False
2809,False
2808,False
2807,False
2804,False
2800,False
2798,False
5497,False
5496,False
5490,False
5488,False
5482,False
5467,False
5462,False
5461,False
5455,False
5454,False
5448,False
5447,False
5444,False
5442,False
5439,False
5436,False
5428,False
5422,False
5421,False
5419,False
5417,False
5416,False
5415,False
5412,False
5410,False
5402,False
5401,False
1273,False
1271,False
1270,False
1263,False
1260,False
1259,False
1258,False
1257,False
1256,False
1245,False
1242,False
1241,False
1240,False
1234,False
1233,False
1232,False
1229,False
1220,False
1217,False
1216,False
1215,False
1213,False
1207,False
1203,False
1201,False
1199,False
1198,False
1195,False
1192,False
1191,False
1189,False
1187,False
1185,False
1183,False
1177,False
1176,False
1175,False
1174,False
7003,False
5091,False
5090,False
5087,False
5086,False
5084,False
5074,False
5073,False
5070,False
5069,False
5066,False
5065,False
5062,False
5061,False
5057,False
5056,False
5054,False
5053,False
5051,False
5050,False
5047,False
5046,False
5045,False
5044,False
5040,False
5037,False
5034,False
5030,False
5029,False
5028,False
5026,False
5025,False
5024,False
5022,False
5020,False
5017,False
5016,False
5010,False
5008,False
5006,False
5003,False
4999,False
4996,False
4991,False
872,False
868,False
865,False
862,False
853,False
851,False
850,False
849,False
848,False
846,False
845,False
839,False
837,False
834,False
829,False
821,False
818,False
815,False
813,False
812,False
808,False
807,False
806,False
804,False
803,False
802,False
801,False
799,False
798,False
791,False
790,False
787,False
782,False
780,False
779,False
776,False
775,False
774,False
773,False
772,False
3405,False
3403,False
3400,False
3397,False
3391,False
3389,False
3388,False
3384,False
3383,False
3379,False
3377,False
3373,False
3371,False
3370,False
3368,False
3365,False
3364,False
3363,False
3357,False
3355,False
3354,False
3348,False
3347,False
3343,False
3342,False
3341,False
3336,False
3335,False
3332,False
3331,False
3330,False
3325,False
3324,False
3320,False
3319,False
3318,False
3317,False
3315,False
3314,False
3313,False
3308,False
3306,False
3305,False
3304,False
3301,False
3300,False
3299,False
3298,False
3297,False
3294,False
3292,False
3291,False
3285,False
3278,False
3277,False
3274,False
3269,False
3267,False
3266,False
3264,False
3262,False
3261,False
3259,False
3257,False
3256,False
3253,False
3252,False
3251,False
3250,False
3249,False
3245,False
3244,False
3240,False
3235,False
3231,False
3225,False
3222,False
3219,False
3208,False
971,False
969,False
965,False
964,False
962,False
959,False
958,False
957,False
953,False
950,False
949,False
947,False
945,False
942,False
940,False
939,False
938,False
937,False
935,False
933,False
932,False
930,False
928,False
927,False
926,False
924,False
918,False
917,False
916,False
915,False
914,False
910,False
906,False
904,False
897,False
895,False
892,False
891,False
886,False
884,False
881,False
879,False
878,False
874,False
4985,False
4981,False
4979,False
4978,False
4974,False
4972,False
4971,False
4969,False
4968,False
4966,False
4965,False
4964,False
4961,False
4959,False
4958,False
4957,False
4955,False
4954,False
4953,False
4948,False
4947,False
4945,False
4943,False
4940,False
4937,False
4935,False
4934,False
4933,False
4932,False
4926,False
4925,False
4924,False
4910,False
4907,False
4903,False
4901,False
4900,False
4898,False
4896,False
4893,False
1374,False
1372,False
1371,False
1370,False
1369,False
1367,False
1364,False
1362,False
1361,False
1358,False
1352,False
1351,False
1349,False
1348,False
1347,False
1346,False
1345,False
1343,False
1342,False
1341,False
1340,False
1338,False
1335,False
1332,False
1328,False
1325,False
1324,False
1316,False
1313,False
1312,False
1307,False
1306,False
1303,False
1302,False
1297,False
1296,False
1295,False
1288,False
1286,False
1285,False
5398,False
5393,False
5391,False
5388,False
5387,False
5386,False
5385,False
5375,False
5373,False
5371,False
5365,False
5364,False
5361,False
5360,False
5359,False
5356,False
5358,False
5352,False
5351,False
5349,False
5347,False
5346,False
5344,False
5340,False
5338,False
5337,False
5334,False
5333,False
5331,False
5330,False
5329,False
5326,False
5324,False
5321,False
5318,False
5317,False
5314,False
5313,False
5312,False
5309,False
5308,False
5307,False
5306,False
5301,False
3003,False
3001,False
2998,False
2996,False
2995,False
2993,False
2991,False
2986,False
2981,False
2975,False
2974,False
2973,False
2972,False
2969,False
2967,False
2966,False
2964,False
2963,False
2961,False
2960,False
2957,False
2954,False
2953,False
2948,False
2947,False
2944,False
2943,False
2941,False
2939,False
2938,False
2937,False
2935,False
2931,False
2927,False
2923,False
2922,False
2920,False
2917,False
2915,False
2913,False
2912,False
2905,False
2904,False
2903,False
2902,False
4466,False
4465,False
4464,False
4463,False
4462,False
4461,False
4460,False
4455,False
4451,False
4446,False
4445,False
4444,False
4440,False
4439,False
4431,False
4428,False
4425,False
4422,False
4421,False
4420,False
4419,False
4417,False
4413,False
4412,False
4411,False
4409,False
4408,False
4407,False
4403,False
4400,False
4398,False
4397,False
4395,False
4393,False
4389,False
4388,False
4382,False
4381,False
4380,False
4379,False
4378,False
4377,False
4376,False
4371,False
4370,False
4368,False
4364,False
4361,False
4354,False
268,False
266,False
265,False
264,False
261,False
259,False
258,False
257,False
256,False
255,False
254,False
252,False
249,False
242,False
241,False
239,False
238,False
236,False
234,False
229,False
228,False
227,False
225,False
223,False
220,False
219,False
218,False
217,False
216,False
206,False
204,False
201,False
200,False
196,False
193,False
190,False
188,False
186,False
185,False
184,False
183,False
182,False
181,False
177,False
176,False
175,False
174,False
171,False
170,False
4017,False
4013,False
4011,False
4007,False
4006,False
4004,False
4003,False
4001,False
4000,False
3995,False
3993,False
3992,False
3991,False
3990,False
3988,False
3986,False
3985,False
3978,False
3977,False
3965,False
3964,False
3960,False
3957,False
3951,False
3950,False
3949,False
3947,False
3934,False
3933,False
3927,False
3923,False
3921,False
3920,False
3919,False
2280,False
2274,False
2269,False
2268,False
2265,False
2264,False
2261,False
2259,False
2254,False
2246,False
2245,False
2244,False
2240,False
2238,False
2236,False
2235,False
2234,False
2232,False
2231,False
2228,False
2225,False
2224,False
2223,False
2222,False
2221,False
2220,False
2217,False
2216,False
2212,False
2211,False
2209,False
2208,False
2200,False
2197,False
2196,False
2195,False
2192,False
2191,False
2189,False
2188,False
2185,False
2184,False
2183,False
2180,False
6136,False
6134,False
6122,False
6115,False
6114,False
6094,False
6071,False
6070,False
6063,False
6057,False
6055,False
6052,False
6049,False
6047,False
6037,False
6033,False
1875,False
1872,False
1868,False
1867,False
1865,False
1864,False
1863,False
1862,False
1861,False
1860,False
1859,False
1858,False
1854,False
1853,False
1850,False
1849,False
1848,False
1846,False
1845,False
1841,False
1839,False
1831,False
1830,False
1829,False
1828,False
1827,False
1826,False
1824,False
1822,False
1816,False
1815,False
1814,False
1810,False
1809,False
1808,False
1806,False
1803,False
1802,False
1800,False
1799,False
1793,False
1791,False
1790,False
1789,False
1787,False
1786,False
1783,False
1782,False
1779,False
1778,False
1776,False
6438,False
6437,False
6428,False
6423,False
6414,False
6410,False
6403,False
6391,False
6364,False
6543,False
6541,False
6540,False
6538,False
6534,False
6508,False
6507,False
6496,False
6479,False
6475,False
6474,False
6473,False
6464,False
1974,False
1970,False
1965,False
1962,False
1961,False
1960,False
1959,False
1958,False
1957,False
1954,False
1952,False
1939,False
1938,False
1937,False
1936,False
1934,False
1932,False
1931,False
1930,False
1928,False
1927,False
1926,False
1925,False
1922,False
1921,False
1920,False
1917,False
1916,False
1913,False
1912,False
1910,False
1908,False
1907,False
1904,False
1903,False
1902,False
1897,False
1896,False
1894,False
1890,False
1889,False
1888,False
1887,False
1879,False
1878,False
1877,False
6029,False
6027,False
6026,False
6022,False
6010,False
6009,False
6006,False
6003,False
6001,False
6000,False
5953,False
5951,False
5950,False
5931,False
5930,False
5918,False
5917,False
2382,False
2366,False
2365,False
2364,False
2354,False
2353,False
2347,False
2343,False
2342,False
2340,False
2338,False
2335,False
2334,False
2333,False
2331,False
2329,False
2328,False
2324,False
2321,False
2318,False
2311,False
2310,False
2304,False
2302,False
2299,False
2298,False
2296,False
2294,False
2292,False
2291,False
2290,False
2289,False
2287,False
2284,False
2282,False
3913,False
3912,False
3911,False
3908,False
3907,False
3905,False
3904,False
3901,False
3900,False
3899,False
3896,False
3895,False
3893,False
3892,False
3890,False
3889,False
3888,False
3886,False
3883,False
3882,False
3881,False
3879,False
3877,False
3876,False
3875,False
3873,False
3872,False
3871,False
3870,False
3864,False
3862,False
3860,False
3858,False
3855,False
3853,False
3849,False
3846,False
3845,False
3844,False
3842,False
3839,False
3834,False
3833,False
3830,False
3829,False
3828,False
3822,False
3821,False
3815,False
370,False
368,False
366,False
365,False
364,False
362,False
359,False
358,False
357,False
355,False
354,False
353,False
350,False
346,False
342,False
341,False
338,False
337,False
335,False
334,False
332,False
326,False
325,False
323,False
321,False
313,False
305,False
304,False
302,False
301,False
300,False
299,False
298,False
297,False
296,False
295,False
294,False
293,False
292,False
291,False
290,False
289,False
288,False
287,False
286,False
285,False
282,False
281,False
278,False
277,False
276,False
274,False
272,False
271,False
270,False
4350,False
4349,False
4345,False
4342,False
4337,False
4335,False
4334,False
4333,False
4332,False
4328,False
4327,False
4326,False
4325,False
4324,False
4323,False
4322,False
4321,False
4320,False
4318,False
4317,False
4316,False
4315,False
4314,False
4312,False
4311,False
4309,False
4308,False
4307,False
4306,False
4303,False
4300,False
4299,False
4298,False
4297,False
4296,False
4291,False
4289,False
4288,False
4287,False
4286,False
4278,False
4277,False
4276,False
4274,False
4265,False
4264,False
4263,False
4262,False
4261,False
4259,False
4258,False
4257,False
4256,False
4254,False
4253,False
4252,False
4251,False
4250,False
3805,False
3801,False
3799,False
3798,False
3797,False
3796,False
3794,False
3793,False
3785,False
3784,False
3782,False
3779,False
3775,False
3769,False
3768,False
3767,False
3766,False
3765,False
3764,False
3763,False
3762,False
3760,False
3759,False
3758,False
3750,False
3746,False
3744,False
3738,False
3733,False
3731,False
3730,False
3729,False
3728,False
3720,False
3719,False
3716,False
3714,False
3713,False
3712,False
3710,False
468,False
465,False
464,False
461,False
458,False
456,False
454,False
453,False
450,False
447,False
445,False
443,False
438,False
432,False
430,False
428,False
425,False
424,False
423,False
421,False
418,False
414,False
411,False
406,False
403,False
402,False
399,False
394,False
392,False
391,False
389,False
386,False
384,False
379,False
373,False
372,False
371,False
6227,False
6226,False
6223,False
6210,False
6188,False
6185,False
6179,False
6141,False
4686,False
4685,False
4683,False
4682,False
4680,False
4679,False
4678,False
4675,False
4674,False
4672,False
4670,False
4667,False
4666,False
4661,False
4652,False
4651,False
4650,False
4649,False
4648,False
4646,False
4644,False
4643,False
4642,False
4641,False
4637,False
4636,False
4635,False
4633,False
4632,False
4628,False
4624,False
4623,False
4622,False
4614,False
4613,False
4609,False
4600,False
4599,False
4595,False
4592,False
4591,False
4589,False
4587,False
4585,False
4583,False
4582,False
4580,False
2077,False
2076,False
2075,False
2071,False
2069,False
2066,False
2065,False
2063,False
2056,False
2055,False
2054,False
2051,False
2048,False
2042,False
2041,False
2039,False
2036,False
2022,False
2018,False
2017,False
2016,False
2015,False
2014,False
2013,False
2011,False
2010,False
2009,False
2004,False
2001,False
2000,False
1999,False
1998,False
1997,False
1994,False
1993,False
1991,False
1990,False
1989,False
1987,False
1986,False
1982,False
1981,False
1979,False
6663,False
6659,False
6658,False
6657,False
6656,False
6655,False
6654,False
6651,False
6650,False
6647,False
6646,False
6638,False
6637,False
6635,False
6634,False
6625,False
6620,False
6612,False
6595,False
6583,False
6580,False
6570,False
6556,False
69,False
65,False
64,False
63,False
62,False
61,False
60,False
59,False
58,False
55,False
54,False
53,False
52,False
51,False
50,False
49,False
46,False
45,False
44,False
40,False
39,False
34,False
30,False
29,False
28,False
27,False
25,False
24,False
22,False
21,False
19,False
18,False
17,False
16,False
14,False
13,False
12,False
11,False
10,False
9,False
8,False
7,False
6,False
5,False
3,False
2,False
4247,False
4246,False
4244,False
4241,False
4235,False
4234,False
4232,False
4230,False
4225,False
4222,False
4212,False
4211,False
4210,False
4209,False
4205,False
4201,False
4199,False
4196,False
4184,False
4183,False
4181,False
4180,False
4179,False
4177,False
4176,False
4175,False
4163,False
4162,False
4160,False
4159,False
4158,False
4153,False
4147,False
4144,False
4143,False
4142,False
4141,False
4140,False
4138,False
4137,False
4134,False
4131,False
4130,False
4129,False
4128,False
4126,False
1674,False
1671,False
1670,False
1667,False
1666,False
1663,False
1662,False
1661,False
1660,False
1659,False
1657,False
1654,False
1649,False
1648,False
1647,False
1646,False
1645,False
1644,False
1642,False
1641,False
1640,False
1637,False
1636,False
1631,False
1630,False
1629,False
1627,False
1626,False
1619,False
1616,False
1614,False
1612,False
1607,False
1605,False
1599,False
1596,False
1594,False
1590,False
1588,False
1587,False
1586,False
1585,False
1582,False
1578,False
1577,False
1576,False
5916,False
5909,False
5900,False
5888,False
5886,False
5876,False
5874,False
5875,False
5865,False
5864,False
5859,False
5849,False
5848,False
5846,False
5845,False
5844,False
5841,False
5838,False
5830,False
5814,False
2480,False
2478,False
2477,False
2476,False
2474,False
2472,False
2467,False
2466,False
2463,False
2462,False
2461,False
2460,False
2459,False
2458,False
2457,False
2456,False
2455,False
2453,False
2451,False
2445,False
2444,False
2443,False
2440,False
2436,False
2433,False
2425,False
2421,False
2420,False
2416,False
2414,False
2411,False
2403,False
2402,False
2395,False
2393,False
2389,False
2386,False
2384,False
2589,False
2588,False
2587,False
2586,False
2585,False
2584,False
2581,False
2578,False
2576,False
2572,False
2571,False
2570,False
2568,False
2564,False
2563,False
2562,False
2561,False
2560,False
2559,False
2558,False
2557,False
2556,False
2555,False
2554,False
2553,False
2552,False
2548,False
2547,False
2546,False
2545,False
2542,False
2541,False
2539,False
2536,False
2533,False
2524,False
2521,False
2515,False
2514,False
2512,False
2511,False
2510,False
2509,False
2508,False
2507,False
2506,False
2501,False
2500,False
2499,False
2497,False
2489,False
2488,False
2486,False
5809,False
5808,False
5795,False
5788,False
5781,False
5780,False
5764,False
5756,False
5733,False
5725,False
5721,False
5720,False
5719,False
5718,False
5714,False
5710,False
5708,False
5705,False
1774,False
1769,False
1768,False
1767,False
1764,False
1763,False
1761,False
1756,False
1755,False
1753,False
1752,False
1751,False
1749,False
1747,False
1744,False
1743,False
1735,False
1734,False
1726,False
1716,False
1712,False
1711,False
1702,False
1699,False
1698,False
1691,False
1690,False
1689,False
1687,False
1686,False
1685,False
1680,False
1679,False
1677,False
4122,False
4119,False
4112,False
4110,False
4105,False
4104,False
4091,False
4088,False
4086,False
4082,False
4081,False
4064,False
4063,False
4060,False
4059,False
4058,False
4056,False
4053,False
4052,False
4051,False
4050,False
4049,False
4047,False
4046,False
4043,False
4042,False
4041,False
4040,False
4039,False
4032,False
4031,False
4029,False
4027,False
4026,False
4023,False
4022,False
4021,False
169,False
168,False
165,False
164,False
162,False
160,False
158,False
157,False
154,False
146,False
145,False
144,False
140,False
139,False
138,False
136,False
135,False
132,False
129,False
126,False
120,False
116,False
114,False
112,False
109,False
108,False
107,False
106,False
105,False
104,False
103,False
102,False
101,False
100,False
99,False
98,False
97,False
96,False
95,False
94,False
92,False
91,False
90,False
89,False
88,False
87,False
86,False
85,False
84,False
83,False
82,False
79,False
77,False
75,False
74,False
72,False
6745,False
6732,False
6725,False
6720,False
6707,False
6706,False
6680,False
6679,False
2179,False
2178,False
2176,False
2172,False
2169,False
2168,False
2167,False
2163,False
2160,False
2159,False
2157,False
2154,False
2151,False
2150,False
2149,False
2148,False
2146,False
2144,False
2143,False
2142,False
2141,False
2139,False
2138,False
2137,False
2133,False
2132,False
2130,False
2128,False
2127,False
2126,False
2125,False
2122,False
2121,False
2119,False
2118,False
2117,False
2116,False
2114,False
2111,False
2108,False
2107,False
2106,False
2105,False
2104,False
2103,False
2102,False
2098,False
2095,False
2093,False
2092,False
2090,False
2088,False
2086,False
2084,False
2083,False
2081,False
2078,False
4574,False
4572,False
4570,False
4568,False
4567,False
4555,False
4550,False
4547,False
4544,False
4543,False
4541,False
4540,False
4533,False
4532,False
4531,False
4529,False
4526,False
4525,False
4517,False
4516,False
4515,False
4514,False
4513,False
4509,False
4507,False
4496,False
4493,False
4486,False
4484,False
4482,False
4480,False
4478,False
4474,False
4472,False
4471,False
4470,False
6339,False
6317,False
6316,False
6286,False
6270,False
6245,False
570,False
569,False
566,False
557,False
556,False
555,False
552,False
551,False
550,False
549,False
548,False
547,False
546,False
545,False
544,False
542,False
539,False
538,False
537,False
536,False
533,False
532,False
531,False
529,False
526,False
525,False
523,False
522,False
521,False
520,False
519,False
518,False
517,False
516,False
515,False
514,False
512,False
511,False
510,False
509,False
507,False
506,False
505,False
504,False
503,False
502,False
501,False
500,False
497,False
496,False
495,False
494,False
491,False
490,False
485,False
481,False
480,False
477,False
476,False
473,False
3709,False
3704,False
3703,False
3702,False
3695,False
3689,False
3686,False
3681,False
3679,False
3678,False
3677,False
3676,False
3675,False
3674,False
3673,False
3671,False
3663,False
3662,False
3659,False
3656,False
3653,False
3652,False
3651,False
3647,False
3644,False
3642,False
3641,False
3640,False
3638,False
3636,False
3635,False
3634,False
3631,False
3630,False
3626,False
3623,False
3621,False
3619,False
3618,False
3617,False
3614,False
3613,False
3612,False
3193,False
3191,False
3190,False
3187,False
3185,False
3184,False
3181,False
3179,False
3175,False
3174,False
3173,False
3172,False
3171,False
3168,False
3166,False
3165,False
3164,False
3161,False
3158,False
3157,False
3156,False
3152,False
3151,False
3149,False
3144,False
3143,False
3142,False
3139,False
3138,False
3136,False
3134,False
3133,False
3130,False
3129,False
3127,False
3126,False
3125,False
3124,False
3123,False
3122,False
3121,False
3120,False
3119,False
3116,False
3114,False
3113,False
3110,False
3105,False
6849,False
6825,False
6807,False
1473,False
1470,False
1462,False
1459,False
1456,False
1455,False
1446,False
1444,False
1442,False
1439,False
1438,False
1436,False
1435,False
1434,False
1432,False
1431,False
1429,False
1428,False
1426,False
1425,False
1422,False
1420,False
1418,False
1406,False
1404,False
1403,False
1402,False
1401,False
1400,False
1395,False
1393,False
1392,False
1390,False
1387,False
1386,False
1383,False
1381,False
1376,False
1375,False
5703,False
5689,False
5677,False
5676,False
5673,False
5658,False
5653,False
5650,False
5649,False
5645,False
5640,False
5639,False
5636,False
5635,False
5863,False
5626,False
5625,False
5618,False
5713,False
5615,False
5612,False
5610,False
5607,False
5604,False
2694,False
2686,False
2684,False
2680,False
2679,False
2677,False
2676,False
2675,False
2674,False
2672,False
2664,False
2662,False
2660,False
2658,False
2657,False
2655,False
2653,False
2651,False
2650,False
2645,False
2644,False
2642,False
2641,False
2640,False
2639,False
2637,False
2634,False
2632,False
2631,False
2625,False
2623,False
2621,False
2620,False
2618,False
2617,False
2614,False
2612,False
2610,False
2609,False
2607,False
2606,False
2605,False
2600,False
2599,False
2598,False
2597,False
2596,False
2595,False
2594,False
2593,False
2592,False
2591,False
2590,False
3607,False
3604,False
3601,False
3600,False
3596,False
3594,False
3590,False
3586,False
3585,False
3584,False
3581,False
3579,False
3575,False
3573,False
3572,False
3570,False
3569,False
3568,False
3567,False
3566,False
3565,False
3564,False
3562,False
3561,False
3559,False
3554,False
3553,False
3551,False
3549,False
3548,False
3547,False
3546,False
3543,False
3542,False
3541,False
3540,False
3539,False
3538,False
3537,False
3536,False
3534,False
3533,False
3530,False
3529,False
3527,False
3522,False
3521,False
3517,False
3516,False
3514,False
3513,False
3511,False
3510,False
3509,False
671,False
670,False
669,False
667,False
666,False
665,False
664,False
663,False
658,False
657,False
656,False
653,False
649,False
648,False
645,False
644,False
641,False
637,False
633,False
632,False
630,False
629,False
627,False
626,False
625,False
623,False
619,False
618,False
617,False
616,False
615,False
614,False
613,False
611,False
610,False
604,False
603,False
596,False
591,False
590,False
589,False
581,False
579,False
577,False
572,False
571,False
4879,False
4874,False
4872,False
4870,False
4865,False
4864,False
4862,False
4861,False
4859,False
4858,False
4857,False
4856,False
4853,False
4848,False
4846,False
4842,False
4839,False
4837,False
4834,False
4833,False
4832,False
4831,False
4830,False
4827,False
4826,False
4822,False
4815,False
4808,False
4806,False
4803,False
4801,False
4800,False
4799,False
4798,False
4796,False
4794,False
4793,False
1072,False
1071,False
1070,False
1069,False
1067,False
1064,False
1062,False
1059,False
1058,False
1057,False
1056,False
1055,False
1054,False
1053,False
1052,False
1048,False
1046,False
1045,False
1044,False
1043,False
1042,False
1040,False
1037,False
1036,False
1034,False
1031,False
1030,False
1028,False
1027,False
1026,False
1024,False
1023,False
1022,False
1021,False
1020,False
1018,False
1015,False
1014,False
1012,False
1011,False
1007,False
1006,False
1005,False
1004,False
1003,False
1002,False
1000,False
998,False
995,False
994,False
988,False
987,False
982,False
981,False
979,False
977,False
976,False
5294,False
5290,False
5289,False
5288,False
5286,False
5285,False
5283,False
5276,False
5273,False
5271,False
5269,False
5261,False
5257,False
5253,False
5252,False
5251,False
5249,False
5247,False
5246,False
5245,False
5242,False
5241,False
5240,False
5238,False
5237,False
5236,False
5233,False
5232,False
5230,False
5229,False
5228,False
5227,False
5225,False
5222,False
5220,False
5218,False
5219,False
5214,False
5208,False
5207,False
5203,False
5202,False
5201,False
5199,False
5195,False
5193,False
5191,False
5184,False
5183,False
5182,False
5180,False
5172,False
5171,False
5170,False
5169,False
5167,False
5164,False
5162,False
5159,False
5158,False
5157,False
5156,False
5154,False
5147,False
5146,False
5144,False
5143,False
5141,False
5140,False
5139,False
5138,False
5137,False
5136,False
5134,False
5132,False
5131,False
5130,False
5129,False
5128,False
5127,False
5125,False
5123,False
5121,False
5119,False
5116,False
5115,False
5114,False
5113,False
5108,False
5106,False
5105,False
5104,False
5102,False
5101,False
5100,False
5099,False
5098,False
5097,False
5095,False
5094,False
5093,False
1172,False
1171,False
1169,False
1165,False
1164,False
1162,False
1160,False
1156,False
1153,False
1152,False
1151,False
1149,False
1148,False
1147,False
1146,False
1143,False
1142,False
1140,False
1139,False
1134,False
1132,False
1131,False
1130,False
1127,False
1126,False
1125,False
1124,False
1123,False
1122,False
1119,False
1117,False
1111,False
1109,False
1108,False
1105,False
1103,False
1102,False
1101,False
1100,False
1099,False
1097,False
1096,False
1094,False
1093,False
1092,False
1091,False
1090,False
1089,False
1086,False
1085,False
1084,False
1082,False
1080,False
1079,False
1078,False
1076,False
1075,False
1074,False
4787,False
4786,False
4785,False
4784,False
4783,False
4779,False
4775,False
4773,False
4772,False
4771,False
4768,False
4765,False
4764,False
4762,False
4761,False
4759,False
4757,False
4755,False
4748,False
4747,False
4746,False
4743,False
4742,False
4741,False
4739,False
4738,False
4737,False
4736,False
4733,False
4729,False
4727,False
4726,False
4725,False
4724,False
4723,False
4718,False
4716,False
4714,False
4713,False
4712,False
4711,False
4710,False
4708,False
4706,False
4704,False
4703,False
4698,False
4697,False
4696,False
4691,False
771,False
768,False
764,False
762,False
760,False
755,False
754,False
753,False
752,False
749,False
745,False
744,False
742,False
741,False
740,False
739,False
738,False
731,False
729,False
727,False
725,False
722,False
721,False
720,False
719,False
718,False
717,False
716,False
715,False
714,False
713,False
704,False
700,False
699,False
698,False
697,False
696,False
693,False
675,False
674,False
673,False
672,False
3507,False
3504,False
3503,False
3501,False
3498,False
3496,False
3495,False
3493,False
3492,False
3491,False
3490,False
3488,False
3487,False
3485,False
3479,False
3477,False
3473,False
3467,False
3465,False
3464,False
3458,False
3456,False
3455,False
3454,False
3453,False
3452,False
3450,False
3449,False
3448,False
3447,False
3444,False
3441,False
3440,False
3439,False
3438,False
3437,False
3436,False
3432,False
3430,False
3428,False
3423,False
3421,False
3420,False
3419,False
3416,False
3415,False
3414,False
2797,False
2794,False
2793,False
2790,False
2789,False
2788,False
2784,False
2779,False
2778,False
2777,False
2776,False
2775,False
2774,False
2773,False
2770,False
2768,False
2767,False
2762,False
2761,False
2758,False
2757,False
2756,False
2755,False
2753,False
2751,False
2749,False
2747,False
2745,False
2744,False
2742,False
2741,False
2740,False
2739,False
2737,False
2736,False
2735,False
2733,False
2732,False
2731,False
2724,False
2722,False
2720,False
2718,False
2717,False
2710,False
2708,False
2705,False
2704,False
2701,False
2700,False
2698,False
2697,False
5601,False
5594,False
5592,False
5589,False
5579,False
5578,False
5572,False
5559,False
5555,False
5545,False
5544,False
5542,False
5541,False
5540,False
5539,False
5536,False
5535,False
5711,False
5526,False
5523,False
5519,False
5516,False
5515,False
1573,False
1572,False
1566,False
1564,False
1557,False
1555,False
1553,False
1545,False
1542,False
1538,False
1536,False
1534,False
1533,False
1532,False
1530,False
1527,False
1526,False
1525,False
1524,False
1522,False
1521,False
1520,False
1519,False
1511,False
1510,False
1509,False
1508,False
1505,False
1504,False
1502,False
1501,False
1498,False
1496,False
1495,False
1492,False
1491,False
1490,False
1489,False
1487,False
1485,False
1483,False
1482,False
6893,False
3103,False
3098,False
3096,False
3090,False
3089,False
3088,False
3087,False
3086,False
3085,False
3080,False
3077,False
3075,False
3067,False
3066,False
3063,False
3058,False
3056,False
3053,False
3051,False
3049,False
3042,False
3041,False
3038,False
3037,False
3033,False
3031,False
3024,False
3020,False
3019,False
3014,False
3012,False
3011,False
3010,False
3008,False
3005,False
3004,False
